date;command;usage_count;avg_response_time;success_count
2025-06-09;/update;1;4.98;1.0
2025-06-08;/brain;3;3.1766666666666667;3.0
2025-06-08;/sources;1;3.65;0.0
2025-06-08;/ask;1;1.75;1.0
2025-06-08;/config;1;1.07;1.0
2025-06-08;/update;1;3.47;1.0
2025-06-08;/chat;1;1.22;1.0
2025-06-07;/config;2;2.78;2.0
2025-06-07;/ask;2;3.82;1.0
2025-06-07;/chat;1;3.68;1.0
2025-06-07;/update;1;3.04;1.0
2025-06-07;/sources;1;4.73;1.0
2025-06-07;/brain;1;2.05;1.0
2025-06-06;/update;1;4.2;1.0
2025-06-06;/chat;1;4.44;1.0
2025-06-06;/brain;1;3.06;1.0
2025-06-05;/sources;2;3.435;0.0
2025-06-05;/config;2;2.815;2.0
2025-06-05;/chat;1;2.47;0.0
2025-06-04;/chat;2;3.665;2.0
2025-06-04;/brain;2;2.99;2.0
2025-06-04;/ask;1;0.88;0.0
2025-06-03;/sources;1;2.35;0.0
2025-06-03;/chat;1;1.78;0.0
2025-06-03;/ask;1;2.2;0.0
2025-06-02;/update;2;1.82;2.0
2025-06-02;/chat;2;2.305;2.0
2025-06-02;/ask;2;3.03;0.0
2025-06-02;/config;1;2.8;1.0
2025-06-02;/sources;1;3.63;1.0
2025-06-01;/update;2;1.615;2.0
2025-06-01;/chat;1;4.06;1.0
2025-06-01;/sources;1;3.58;1.0
2025-06-01;/config;1;3.77;0.0
2025-05-31;/brain;2;1.6;0.0
2025-05-31;/update;1;2.76;0.0
2025-05-30;/update;3;3.5633333333333335;3.0
2025-05-30;/sources;3;2.513333333333333;3.0
2025-05-30;/ask;2;1.825;2.0
2025-05-30;/chat;1;3.34;1.0
2025-05-30;/brain;1;3.19;1.0
2025-05-29;/sources;2;1.305;1.0
2025-05-29;/update;2;4.215;0.0
2025-05-29;/ask;1;0.6;1.0
2025-05-29;/config;1;1.59;1.0
2025-05-28;/update;2;2.91;0.0
2025-05-28;/chat;1;2.19;1.0
2025-05-28;/config;1;4.76;0.0
2025-05-28;/sources;1;2.82;1.0
2025-05-27;/sources;2;3.05;0.0
2025-05-27;/chat;2;2.37;2.0
2025-05-27;/config;1;4.23;1.0
2025-05-27;/ask;1;1.93;0.0
2025-05-26;/chat;3;2.6366666666666667;2.0
2025-05-26;/sources;1;4.24;0.0
2025-05-26;/ask;1;4.15;1.0
2025-05-26;/update;1;2.71;1.0
2025-05-26;/config;1;4.81;1.0
2025-05-25;/update;2;2.79;1.0
2025-05-25;/sources;1;1.37;0.0
2025-05-25;/chat;1;2.12;1.0
2025-05-25;/config;1;3.83;1.0
2025-05-25;/brain;1;1.51;1.0
2025-05-24;/brain;3;2.6466666666666665;3.0
2025-05-24;/sources;3;2.466666666666667;3.0
2025-05-24;/chat;3;2.6133333333333333;3.0
2025-05-24;/ask;3;2.25;2.0
2025-05-24;/config;1;2.5;0.0
2025-05-24;/update;1;4.06;1.0
2025-05-23;/ask;4;3.035;4.0
2025-05-23;/chat;3;2.77;1.0
2025-05-23;/update;1;0.95;1.0
2025-05-22;/brain;2;2.695;2.0
2025-05-22;/config;2;2.895;2.0
2025-05-22;/ask;2;2.985;0.0
2025-05-22;/chat;1;1.45;1.0
2025-05-21;/brain;4;2.78;3.0
2025-05-21;/chat;2;2.72;1.0
2025-05-20;/config;2;3.02;1.0
2025-05-20;/sources;1;3.57;1.0
2025-05-20;/brain;1;1.92;0.0
2025-05-19;/ask;4;2.88;4.0
2025-05-19;/update;3;2.6866666666666665;2.0
2025-05-19;/config;2;2.945;2.0
2025-05-19;/chat;2;2.81;2.0
2025-05-19;/sources;1;0.8;1.0
2025-05-19;/brain;1;1.93;0.0
2025-05-18;/ask;1;3.81;1.0
2025-05-17;/chat;4;1.6225;2.0
2025-05-17;/config;2;2.265;0.0
2025-05-17;/sources;2;1.65;2.0
2025-05-17;/ask;1;0.55;1.0
2025-05-17;/update;1;4.07;0.0
2025-05-16;/update;4;3.195;2.0
2025-05-16;/chat;3;3.763333333333333;3.0
2025-05-16;/sources;1;1.43;1.0
2025-05-16;/ask;1;1.54;1.0
2025-05-16;/config;1;0.91;1.0
2025-05-16;/brain;1;1.95;1.0
2025-05-15;/sources;2;2.7;1.0
2025-05-15;/brain;1;3.55;0.0
2025-05-15;/chat;1;2.49;1.0
2025-05-15;/update;1;2.71;1.0
2025-05-14;/sources;4;2.0025;3.0
2025-05-14;/config;2;4.17;0.0
2025-05-14;/brain;1;3.13;1.0
2025-05-14;/update;1;3.6;0.0
2025-05-14;/ask;1;1.01;1.0
2025-05-13;/chat;5;3.038;3.0
2025-05-13;/update;2;2.475;1.0
2025-05-13;/brain;1;2.25;1.0
2025-05-13;/config;1;3.24;0.0
2025-05-12;/sources;2;1.61;1.0
2025-05-12;/update;2;4.17;2.0
2025-05-12;/config;1;3.62;1.0
2025-05-11;/update;2;3.51;2.0
2025-05-11;/config;1;2.03;0.0
2025-05-11;/sources;1;2.99;1.0
2025-05-11;/chat;1;0.79;1.0
2025-05-11;/brain;1;3.95;1.0
2025-05-10;/sources;1;3.3;0.0
2025-05-10;/config;1;3.71;1.0
2025-05-10;/chat;1;2.29;1.0
